customer_id,customer_name,email,phone,address,join_date
301,Alexander Johnson,qhuffman@hotmail.com,083.089.7143,"4665 Hill Courts Suite 905, Diazshire, OK 92451",2024-05-28
302,Michael Gonzales,michaelbuckley@hotmail.com,671-167-8613x79020,"162 Anna Mills Suite 683, New Richardmouth, ID 61981",2024-03-02
303,Kelly Bell,kaylaalexander@olson.info,001-217-779-1397x7297,"PSC 8293, Box 7556, APO AE 40472",2024-05-05
304,Corey Russell,guerradominic@hotmail.com,001-884-265-0673x1056,"2904 Matthew Mills, Bellport, AR 84942",2024-03-28
305,Daniel Vargas,timothyrichardson@walter.com,958.671.3946x62712,"65963 William Keys Apt. 551, Lake Kyle, GA 12546",2024-05-02
306,Shannon Cook,mthompson@potter.net,(999)054-3448,"47351 Landry Camp Suite 403, Moralesberg, WI 56171",2024-04-21
307,Carol Martin,andrewmartinez@yahoo.com,806.410.6657,"316 Wilson Crescent Apt. 943, South William, WV 28955",2024-01-04
308,Robert Mills,anne48@hotmail.com,001-912-974-4248,"0073 Patrick Manors, Port Kaitlin, OR 78193",2024-06-10
309,Brittany Davis,candicegarcia@foster-phillips.com,001-324-893-4783x3336,"641 Jennifer Park Suite 821, Riveraside, FL 01267",2024-02-21
310,Amanda Torres,cherylheath@perry.info,932-781-2636x291,"61118 Erica Viaduct, East Stevenfort, WV 50488",2024-02-04
311,Carlos Rasmussen,taylortyler@hotmail.com,557-002-5636x12709,"USNV Johnson, FPO AP 93518",2024-03-02
312,Jonathan Richardson,evansbrian@larson.biz,+1-631-259-9952x6366,"13517 Smith Glen, East Blakestad, MT 21701",2024-05-23
313,Matthew Fox,jennifer15@wolf.net,7750539356,"219 Angela Mountains Suite 910, Lake Madison, MO 93698",2024-04-09
314,Jared Rodriguez,zbuckley@gmail.com,+1-292-790-8406x244,"PSC 8700, Box 6811, APO AA 55485",2024-06-14
315,Cassie Davis,coltonramirez@gmail.com,(362)859-3007x421,"745 Waters Mission, Port Tim, AK 24648",2024-01-23
316,Morgan Mendoza,milleramanda@yahoo.com,300-090-2039,"75736 Daniel Ports Suite 318, Rasmussenport, KS 25706",2024-05-07
317,Patrick Parker Jr.,hwaller@buck.net,4449233612,"3980 Tammie Coves Apt. 897, Andersonbury, VA 87906",2024-06-15
318,Thomas Hutchinson,pamelawilson@logan.net,(925)860-9992x0263,"8449 Golden Burgs Apt. 600, South Travisside, LA 61413",2024-04-06
319,Daniel Reyes,patrick93@hotmail.com,400-337-7014x7570,"03482 Smith Fields, Port Jasonbury, AL 36406",2024-02-04
320,Mr. Charles Ward,pgonzales@yahoo.com,+1-958-980-0411x268,"Unit 3499 Box 9631, DPO AE 60259",2024-06-03
321,Elizabeth Schroeder,yolandamarshall@yahoo.com,001-460-093-1324x351,"Unit 9911 Box 2314, DPO AE 71086",2024-03-03
322,Sierra Johnson,hdavis@brewer.info,819-902-3509x4071,"3145 Murphy Drives Apt. 678, North Shannon, LA 25431",2024-03-04
323,Brianna Gutierrez,nmiller@ramos-powers.com,566.600.1148x84847,"1313 Miranda Plain Suite 856, West Donald, TN 74198",2024-06-12
324,Debbie Jackson,rbaldwin@yahoo.com,001-628-749-7212,"1287 Moore Spurs, East Grantmouth, OR 77277",2024-03-28
325,Ronnie Johnson,aaron30@hotmail.com,702.321.5864,"71691 Stewart Road Suite 349, South Terriville, MI 44834",2024-02-09
326,John Cervantes,barnesdenise@gmail.com,(797)337-6134x7300,"93941 Matthew Terrace Suite 243, Port Amanda, NH 07195",2024-06-02
327,Brittany Phillips,smithjulie@burns.com,(285)067-8092x8323,"65185 Elaine Shoal, South Elizabeth, AK 58142",2024-05-05
328,Matthew Cherry,harrisdiana@hotmail.com,001-586-701-3256x38808,"97843 Michael Lock, Lake Cassandraberg, AZ 95619",2024-05-12
329,Steven Flores,wnielsen@hotmail.com,807-208-4751x223,"Unit 4305 Box 5516, DPO AP 42454",2024-06-12
330,Kathy Massey,bwatkins@patterson-hammond.com,068.121.1178,"70215 Crawford Canyon, Port Lorihaven, OR 25039",2024-01-17
331,Crystal Rivera DDS,marissa04@gmail.com,(096)795-7341x72050,"Unit 3423 Box 6549, DPO AA 32729",2024-04-07
332,Ralph Sanchez,adam17@yahoo.com,433.836.6606,"0444 Megan Common Suite 441, Ashleeside, NV 72833",2024-01-26
333,Kelly Williams,travislisa@ferguson-schneider.org,440.182.5254,"62640 Brian Isle, Russellville, IL 36933",2024-04-01
334,Dr. Jesus Reyes,ricardonorris@gmail.com,+1-892-994-1473,"9783 David Rapid, Port Vanessafurt, MO 51441",2024-06-16
335,Jamie Wood,darrell62@yahoo.com,394.179.8058,"94603 Kidd Ways, Angelicaland, OK 75290",2024-02-15
336,Jennifer White,andrew83@hotmail.com,247-178-6972x4519,"76979 Audrey Squares, South Jenna, AK 50347",2024-03-18
337,Rebecca Ryan,xthompson@gmail.com,828-554-1301x698,"Unit 1157 Box 6776, DPO AA 15957",2024-05-19
338,Martin Bonilla,adamsnicole@hotmail.com,(397)797-1977x93575,"0018 Ana Flat Apt. 431, New Stephanie, MN 94754",2024-06-14
339,Kathleen Scott,swong@green.com,+1-706-554-6743x466,"887 Cynthia Motorway, Michaeltown, VT 93729",2024-03-08
340,Mark Bennett,stevenfranklin@yahoo.com,(029)545-2326,"695 Timothy Lane, Murrayshire, AL 02761",2024-03-25
341,Megan Garza,joseph74@ray-dean.org,642.075.3497,"42126 Monica Orchard, Michellefurt, NJ 41070",2024-05-20
342,Tanya Spencer,hcalderon@gmail.com,603-021-8621x854,"96754 Becky Gardens, East Cherylton, MN 45061",2024-01-04
343,Alfred Edwards,cabreradaniel@mathews.info,767.778.9133,"343 James Ports, New Davidberg, HI 03473",2024-03-07
344,Michael White,david08@gmail.com,+1-796-198-7893x34046,"PSC 3903, Box 0577, APO AA 11160",2024-01-25
345,Scott Banks,qlopez@jimenez-mccullough.com,001-655-577-5282x626,"2706 Pamela Square Suite 726, North Samantha, MA 37338",2024-05-23
346,Alyssa Jackson,michaelmorrison@yahoo.com,677.567.8007x029,"522 Wilson Ford, Port Jacobshire, KY 71639",2024-04-10
347,Judith Rogers,ramseyedwin@horton.org,001-662-144-9850x6364,"7010 Sarah Plaza, Lake Steven, ID 24744",2024-04-20
348,Gregory Ramirez,xhunter@martinez.org,(508)860-4368x61161,"248 Jesse Mountains, Gutierrezborough, MO 88477",2024-01-04
349,Chris Johnson,fullerphilip@gmail.com,001-904-157-2338x4612,"4596 Mary Lake, Ellisborough, VT 05954",2024-01-01
350,Taylor Sullivan,simssarah@yahoo.com,+1-506-652-8718x812,"6985 Barber Isle, Colechester, MN 36463",2024-06-17
351,Jacob Rivera,kimberlypetersen@sawyer-jacobson.com,764.323.6589x7822,"48107 Tiffany Fall Apt. 870, Raymondshire, OR 64787",2024-01-27
352,Michael Jackson,amanda81@evans.com,+1-982-484-8580,"2788 Richardson Inlet Suite 523, Shelleyview, WA 13135",2024-04-09
353,Casey Harmon,patrickcisneros@castillo-mcdowell.com,(145)826-9398x780,"6924 Kathleen Fields Suite 165, Devinborough, NJ 68136",2024-01-04
354,Timothy Carpenter,sara64@hotmail.com,(500)593-3923x47043,"17737 Ruiz Islands, Davismouth, TN 15901",2024-04-16
355,Carrie Rios,zdavidson@moore.com,522.592.2566x55469,"50847 Walton Fords, Lauramouth, KS 22741",2024-05-04
356,Brandy Watson,aherrera@oneal.com,103.542.4387,"Unit 2412 Box 2782, DPO AA 42528",2024-05-23
357,Christopher Robinson,friedmandavid@yahoo.com,629.511.5028,"151 Martin Drives, West Jimmy, RI 37038",2024-01-07
358,Rebecca Shaw,dunntina@gmail.com,599-606-4013x44182,"355 Austin Vista, Port John, AL 35067",2024-04-12
359,Alyssa Wagner MD,xbell@yahoo.com,001-606-496-0512x344,"PSC 4715, Box 0975, APO AE 59711",2024-04-09
360,Mark Ramos,david85@hotmail.com,484-502-4437,"590 Diaz Brook, Howellmouth, NE 90710",2024-02-15
361,Lori Patterson,kirkcampbell@zuniga.info,033.611.1911,"3242 Butler Burgs Apt. 819, Jenniferport, AK 05737",2024-01-07
362,Daniel Shaw,karen11@miller.com,001-333-422-6057,"74005 Carrie Plaza Apt. 899, South Mackenziestad, MO 57093",2024-06-05
363,Carla Martinez,davidhenry@gmail.com,(495)637-0777x4389,"9779 Joan Rue, New Hollymouth, ME 58350",2024-01-15
364,Kim Sharp,lgreen@hotmail.com,(856)340-5527x0967,"3815 Michael Lodge Suite 069, Port Maria, AK 50339",2024-03-18
365,Rhonda Davis,crystalhays@hunter.com,6395306332,"843 Katherine Lock Apt. 115, Douglasport, NV 78495",2024-06-14
366,Travis Fox,johnatkinson@yahoo.com,150-526-4093x786,"Unit 3032 Box 9237, DPO AE 68500",2024-01-20
367,Kelli Kelly,xthomas@gmail.com,001-004-242-1733x528,"308 Rogers Haven Apt. 091, Mcconnellborough, MT 18100",2024-04-29
368,Stephanie Rojas,iacosta@brown.com,+1-989-583-6537x6465,"941 Wright Camp Suite 025, New Shannon, WA 41677",2024-02-10
369,Sarah Santiago,goodwinmariah@reid-gilbert.com,001-415-566-7811x503,"67080 Lori Corners, East Peterberg, PA 50262",2024-03-12
370,Debra Vasquez,jerry85@yahoo.com,001-452-662-0366x334,"237 Tony Glens Suite 001, Leachmouth, PA 53476",2024-01-12
371,Julie Armstrong,hking@wade.com,669.399.0336x9834,"USS Walters, FPO AA 14605",2024-02-16
372,Michael Gray,christinasmith@taylor-parker.info,(918)418-2260,"111 Roberto Stream Apt. 643, East Veronicaville, WV 71411",2024-06-08
373,Mary Woodward,robin81@schwartz.info,(783)577-4487,"7690 Todd Streets Suite 894, East Lesliechester, NJ 39033",2024-03-05
374,William Vance,charleseaton@brock.org,927-150-2291x1333,"141 Brittany Mount, South Rebecca, WY 61768",2024-02-16
375,Robert Underwood,robertblair@hotmail.com,(713)294-7406x3854,"2429 Stevens Knolls Suite 695, Erinbury, SC 23599",2024-06-15
376,Pamela Gonzales,tanya63@morales.com,+1-774-057-7352x19028,"239 Stewart Lodge, North Williamport, NE 38746",2024-02-08
377,Kevin Johnson,patrickandrews@gmail.com,045.370.4887x4945,"0277 Nicole Crossroad, New Carlosmouth, CT 84838",2024-02-24
378,Kaitlyn Hernandez,angel17@yahoo.com,693.500.1683x4170,"389 David Freeway Apt. 364, Martinezland, NC 20210",2024-01-27
379,Steve West,pchan@villa.org,(136)509-8156x20422,"876 Ware Street Suite 917, Michaelburgh, RI 11489",2024-06-03
380,Wesley Monroe,cristina04@brown.com,(182)870-8925,"222 Morgan Crest, Julieside, MA 30650",2024-01-03
381,Emily Diaz,josephcoleman@davis.com,001-680-615-7706x45456,"553 Clark Island, Dylanfurt, AZ 70679",2024-05-27
382,Eric Dunn,nlynch@herrera-turner.com,(577)607-8070x24652,"54834 Salazar Run, Elizabethchester, NC 84734",2024-04-13
383,Darius Moore,jacobsdaniel@mitchell-lee.com,(677)292-4186x330,"27386 Corey Land Apt. 957, Lake Johnhaven, IN 23895",2024-03-24
384,Laurie Davis,guerraamber@gmail.com,782-360-5363x6843,"6902 Erica Inlet Suite 051, Copelandmouth, NH 21278",2024-01-23
385,Olivia Arroyo,bryancarr@hotmail.com,+1-848-349-6100x222,"1469 Jones Place Suite 690, Joystad, WA 57966",2024-02-22
386,Chad Flores,fhunt@yahoo.com,044.383.0930,"96184 Patterson Pines Suite 372, South Chelseamouth, MT 20836",2024-02-27
387,Hannah Johnson,justinmoore@hernandez.info,791-192-1962,"571 Murray Plain Suite 737, Amyport, ID 92268",2024-05-06
388,Zachary Gray,mcclainpamela@garcia.com,(635)454-0813,"31023 Reid Mount Suite 359, North Jeff, NC 90687",2024-04-29
389,Jordan Young,fhansen@hotmail.com,(737)091-5443x6416,"21028 Mejia River, Miguelhaven, ID 37969",2024-01-10
390,Michael Hoover,vstewart@hill.com,992-465-1886,"022 Chen Unions Apt. 303, Campbellton, IL 87065",2024-03-05
391,Dawn Brooks,prattkenneth@watts.com,259-979-2553x123,"5568 Matthews Roads Suite 681, New Douglastown, ID 47080",2024-02-07
392,Katherine Lowery,william57@yahoo.com,2912327390,"4987 Mckee Ridges Suite 403, Jonesburgh, MI 76211",2024-03-07
393,Darryl Anderson,dcollins@ballard.com,4718608199,"202 Jose Point, Port Jim, DE 82308",2024-01-10
394,Christina Preston,martinkimberly@gonzalez.biz,(045)734-5870x6827,"78684 Cooper Island Suite 240, North Lindsey, VT 92044",2024-02-03
395,Sandra King,rachelbell@james.biz,561.160.9211x95503,"9703 Murphy Knolls Suite 793, Catherineshire, DC 70578",2024-04-12
396,Barbara Tapia,calderonnicholas@garrett-harper.com,354.863.6461x6639,"1322 Ramirez Neck Apt. 164, West Ashleyfurt, SC 14912",2024-02-11
397,Tabitha Frank,edwardrivera@steele.info,892-138-7418x29245,"2550 Cooper Turnpike, Annashire, SC 14400",2024-03-05
398,Ashley Garza,tamarahooper@robinson.biz,(984)905-7166x951,"164 Durham Trail Apt. 674, Murrayhaven, GA 96939",2024-01-25
399,Melissa Miles,marysmith@davis.com,860-668-3357x560,"5602 Michael Valleys Apt. 117, Port Heathermouth, NH 86974",2024-05-14
400,Andrew Lopez,alan69@yahoo.com,875-465-6585x522,"537 Sara Point, Steinville, WV 54666",2024-02-17
